Pulse,Dose1,Dose2
0,34526.21,20545.93
1,35458.81,21138.33
2,36262.91,21630.03
3,36623.21,21851.33
4,36702.71,21909.13
5,36548.81,21813.53
6,35827.01,21378.93
7,35203.41,21000.83
8,34839.11,20772.03
9,34699.31,20681.23
10,34933.31,20812.43
11,35323.91,21045.23
12,35625.41,21222.83
13,35761.01,21300.43
14,35769.61,21302.43
15,35572.71,21186.23
16,35265.21,21003.03
17,35111.81,20911.33
18,35097.31,20904.53
19,35106.01,20907.43
20,35257.61,21001.93
21,35529.91,21164.23
22,35633.11,21226.73
23,35577.11,21191.93
24,35527.11,21164.33
25,35482.31,21138.23
26,35286.01,21020.23
27,35229.11,20986.83
28,35295.11,21025.13
29,35333.41,21049.73
30,35423.31,21101.83
31,35495.81,21147.33
32,35554.71,21181.63
33,35491.81,21141.53
34,35394.31,21083.03
35,35382.11,21073.23
36,35336.61,21050.83
37,35295.41,21022.03
38,35351.81,21053.53
39,35460.21,21119.93
40,35443.51,21109.83
41,35438.41,21105.03
42,35500.21,21143.93
43,35417.11,21091.23
44,35331.51,21041.03
45,35390.51,21075.33
46,35397.91,21081.33
47,35339.81,21046.03
48,35392.51,21076.03
49,35461.71,21118.53
50,35423.31,21095.33
51,35393.61,21074.73
52,35436.71,21103.83
53,35421.21,21096.93
54,35360.21,21055.63
55,35369.61,21063.53
56,35430.51,21097.33
57,35415.71,21089.73
58,35413.31,21086.63
59,35469.41,21120.73
60,35462.01,21117.43
61,35367.41,21058.63
62,35367.01,21059.73
63,35401.31,21080.03
64,35348.81,21050.83
65,35333.81,21039.73
66,35444.71,21100.73
67,35447.01,21105.03
68,35368.21,21057.93
69,35441.41,21101.13
70,35467.61,21115.53
71,35392.51,21068.93
72,35385.41,21065.33
73,35449.81,21106.13
74,35392.61,21072.83
75,35347.21,21044.03
76,35414.01,21082.83
77,35457.41,21109.93
78,35359.51,21051.23
79,35376.31,21057.33
80,35453.51,21107.03
81,35438.11,21100.03
82,35347.61,21043.43
83,35415.91,21080.63
84,35443.31,21102.13
85,35367.11,21051.73
86,35379.41,21059.73
87,35467.71,21115.63
88,35414.11,21081.23
89,35376.41,21059.33
90,35457.91,21105.43
91,35460.71,21107.73
92,35356.71,21046.73
93,35387.21,21066.03
94,35462.71,21113.73
95,35377.51,21060.93
96,35328.81,21031.23
97,35453.11,21109.63
98,35444.71,21102.53
99,35370.21,21056.63
100,35429.31,21092.13
101,35468.71,21120.73
102,35361.31,21054.03
103,35347.01,21043.53
104,35448.21,21104.13
105,35402.21,21078.33
106,35348.41,21046.83
107,35437.91,21097.53
108,35500.41,21135.73
109,35380.11,21063.43
110,35385.51,21062.33
111,35472.51,21118.13
112,35396.81,21072.73
113,35337.91,21039.63
114,35422.21,21088.23
115,35438.11,21101.73
116,35348.21,21046.53
117,35395.41,21076.23
118,35474.61,21120.33
119,35427.21,21092.03
120,35360.21,21049.23
121,35444.21,21105.93
122,35418.61,21087.93
123,35353.11,21049.83
124,35418.41,21087.93
125,35486.61,21127.13
126,35386.91,21067.23
127,35373.01,21058.33
128,35442.41,21100.03
129,35422.61,21087.53
130,35353.61,21048.33
131,35413.31,21080.13
132,35466.71,21115.63
133,35377.71,21060.13
134,35352.61,21044.53
135,35476.51,21119.73
136,35420.01,21087.83
137,35351.81,21043.23
138,35442.61,21100.83
139,35459.71,21109.53
140,35354.71,21046.43
141,35428.21,21091.93
142,35460.91,21111.33
143,35352.91,21047.03
144,35369.41,21054.63
145,35469.41,21115.23
146,35394.51,21067.63
147,35389.31,21062.83
148,35465.51,21113.53
149,35418.01,21083.93
150,35352.21,21043.23
151,35401.91,21070.13
152,35442.21,21097.53
153,35377.91,21063.43
154,35387.21,21067.73
155,35444.11,21101.33
156,35436.61,21095.23
157,35377.61,21060.83
158,35390.01,21065.33
159,35450.01,21102.03
160,35397.31,21071.03
161,35361.11,21047.43
162,35442.21,21095.83
163,35421.81,21082.73
164,35368.21,21053.33
165,35431.81,21089.83
166,35447.01,21100.13
167,35359.21,21047.83
168,35415.71,21078.93
169,35467.51,21110.43
170,35379.91,21062.13
171,35373.21,21054.33
172,35436.71,21090.93
173,35409.41,21077.93
174,35356.31,21042.23
175,35439.91,21094.93
176,35436.01,21091.33
177,35400.11,21070.53
178,35405.21,21070.63
179,35418.11,21082.23
180,35385.41,21056.93
181,35392.61,21066.03
182,35421.71,21085.33
183,35411.61,21077.13
184,35413.41,21077.23
185,35395.01,21066.13
186,35413.01,21078.03
187,35447.11,21098.93
188,35380.21,21054.93
189,35402.41,21073.13
190,35441.41,21092.93
191,35377.11,21051.43
192,35392.71,21061.13
193,35426.41,21084.43
194,35405.01,21072.73
195,35395.71,21064.53
196,35407.51,21073.03
197,35412.81,21075.23
198,35418.91,21079.93
199,35432.91,21087.73
200,35398.51,21068.33
201,35406.21,21071.63
202,35407.61,21074.33
203,35407.11,21071.13
204,35419.71,21076.63
205,35463.11,21103.63
206,35398.51,21068.63
207,35364.21,21045.73
208,35411.41,21075.03
209,35402.71,21068.43
210,35358.11,21041.23
211,35427.61,21080.13
212,35466.21,21106.33
213,35418.51,21078.23
214,35403.01,21072.33
215,35432.11,21087.23
216,35438.71,21093.63
217,35409.01,21079.63
218,35423.51,21088.23
219,35448.61,21101.63
220,35417.51,21082.73
221,35390.11,21062.43
222,35378.91,21059.43
223,35347.41,21041.13
224,35257.71,20987.73
225,35313.11,21021.63
226,35379.51,21062.43
227,35375.21,21059.13
228,35421.11,21083.63
229,35502.31,21135.53
230,35437.31,21099.23
231,35395.61,21072.43
232,35442.21,21097.53
233,35424.81,21087.03
234,35372.01,21054.83
235,35414.81,21081.63
236,35439.91,21100.43
237,35404.81,21077.63
238,35390.51,21066.63
239,35409.71,21079.23
240,35418.91,21082.63
241,35407.51,21077.03
242,35422.21,21089.03
243,35442.21,21099.23
244,35431.21,21094.43
245,35377,21058.23
246,35367.01,21051.73
247,35421.71,21084.03
248,35377.91,21060.23
249,35395.01,21073.03
250,35466.71,21114.43
251,35444.61,21100.73
252,35390.81,21065.63
253,35418.31,21083.53
254,35416.41,21081.53
255,35361.81,21048.63
256,35387.71,21061.83
257,35446.71,21098.43
258,35406.51,21078.33
259,35413.61,21080.13
260,35430.21,21087.53
261,35429.41,21090.83
262,35388.91,21067.13
263,35389.11,21067.03
264,35428.61,21086.03
265,35405.71,21075.43
266,35383.91,21066.33
267,35429.41,21089.63
268,35437.81,21095.03
269,32492.91,19344.03
270,35411.21,21080.03
271,35463.51,21111.93
272,35415.71,21083.73
273,35397.41,21072.23
274,35450.61,21105.03
275,35419.51,21086.83
276,35361.71,21047.73
277,35416.81,21084.03
278,35439.81,21096.03
279,35400.11,21071.73
280,35397.21,21069.83
281,35438.81,21094.53
282,35408.31,21078.83
283,35380.31,21058.83
284,35402.81,21074.33
285,35407.51,21079.03
286,35415.81,21081.43
287,35392.01,21064.13
288,35431.61,21090.43
289,35440.21,21095.43
290,35402.91,21073.63
291,35405.61,21077.03
292,35447.51,21101.73
293,35413.11,21078.23
294,35396.71,21071.83
295,35393.81,21068.03
296,35400.91,21073.93
297,35372.31,21055.83
298,35426.21,21088.33
299,35440.81,21094.03
300,35416.91,21078.73
301,35414.41,21079.83
302,35417.11,21085.83
303,35418.51,21082.43
304,35402.01,21073.83
305,35415.61,21079.93
306,35405.91,21075.13
307,35417.21,21081.03
308,35398.11,21068.83
309,35417.21,21080.93
310,35405.41,21071.73
311,35421.71,21085.73
312,35418.91,21081.93
313,35428.61,21085.63
314,35423.91,21087.63
315,35379.21,21059.33
316,35412.31,21077.93
317,35424.11,21084.73
318,35388.51,21067.73
319,35411.41,21079.03
320,35444.11,21101.83
321,35411.61,21082.83
322,35390.41,21067.83
323,35425.71,21088.63
324,35400.51,21075.83
325,35393.41,21069.13
326,35422.11,21085.73
327,35415.21,21084.93
328,35407.71,21077.03
329,35402.91,21075.83
330,35412.21,21078.33
331,35424.41,21087.73
332,35418.91,21083.73
333,35413.51,21081.53
334,35425.61,21087.53
335,35422.11,21086.53
336,35396.11,21067.93
337,35419.61,21085.73
338,35405.81,21078.93
339,35371.11,21056.83
340,35413.21,21078.73
341,35415.21,21083.23
342,35378.51,21063.53
343,35420.71,21087.13
344,35429.01,21091.93
345,35405.71,21078.73
346,35412.11,21081.93
347,35440.71,21097.43
348,35409.11,21079.53
349,35411.91,21082.23
350,35413.11,21080.83
351,35434.21,21091.13
352,35393.11,21069.43
353,35398.01,21073.13
354,35403.51,21075.83
355,35399.01,21072.03
356,35393.51,21069.53
357,35412.11,21081.03
358,35423.11,21087.03
359,35409.91,21079.53
360,35406.31,21074.03
361,35437.71,21098.43
362,35421.71,21085.43
363,35399.91,21073.73
364,35417.01,21082.03
365,35414.51,21080.13
366,35391.31,21066.33
367,35430.11,21091.93
368,35436.91,21093.73
369,35389.61,21066.53
370,35413.81,21081.83
371,35425.11,21087.93
372,35393.51,21068.03
373,35405.71,21075.83
374,35432.91,21096.43
375,35402.61,21075.93
376,35427.11,21087.03
377,32914.11,19596.73
378,35425.31,21089.53
379,35423.11,21086.13
380,35425.91,21088.73
381,35395.91,21072.73
382,35373.91,21058.13
383,35398.41,21073.03
384,35388.31,21068.53
385,35380.91,21061.03
386,35418.11,21085.63
387,35410.51,21084.73
388,35407.61,21076.83
389,35429.01,21091.63
390,35424.51,21089.23
391,35395.31,21072.33
392,35419.11,21085.43
393,35405.31,21076.33
394,35402.11,21076.03
395,35417.01,21081.93
396,35422.61,21085.93
397,35431.21,21089.73
398,35435.01,21095.03
399,35399.01,21075.03
400,35401.21,21073.93
401,35419.71,21082.73
402,35396.41,21071.53
403,35418.21,21082.03
404,35424.81,21089.63
405,35420.8,21081.43
406,35408.81,21081.13
407,35408.41,21076.83
408,35373.61,21057.13
409,35415.21,21080.73
410,35427.61,21090.93
411,35401.21,21074.63
412,35431.21,21088.13
413,35448.01,21100.73
414,35402.41,21074.43
415,35398.21,21069.73
416,35424.01,21085.63
417,34160.51,20347.23
418,35406.21,21078.83
419,35446.21,21102.93
420,35425.41,21090.03
421,35403.41,21078.73
422,35426.91,21089.33
423,35386.01,21067.73
424,35382.91,21062.23
425,35419.81,21083.53
426,35394.81,21071.03
427,35423.21,21086.13
428,35432.51,21093.53
429,35402.61,21075.63
430,35399.51,21075.93
431,35414.81,21084.93
432,35392.71,21069.13
433,35401.61,21074.43
434,35470.71,21118.83
435,35420.51,21087.93
436,35404.31,21077.53
437,35423.61,21087.13
438,35386.91,21066.73
439,35398.61,21073.03
440,35426.31,21090.63
441,35405.11,21078.43
442,35413.91,21083.53
443,35427.01,21090.13
444,35399.11,21074.53
445,35391.91,21071.53
446,35426.01,21089.23
447,35387.51,21067.43
448,35427.01,21086.93
449,35460.31,21108.03
450,35403.91,21076.83
451,35421.41,21087.23
452,35445.91,21099.93
453,35367.61,21055.73
454,35377.41,21059.73
455,35430.71,21092.63
456,35401.41,21075.83
457,35381.21,21063.33
458,35449.41,21103.83
459,35422.51,21088.73
460,35396.21,21074.53
461,35446.11,21103.33
462,35413.81,21081.23
463,35387.91,21065.03
464,35406.51,21080.73
465,35389.71,21069.03
466,35407.51,21078.63
467,35436.21,21095.03
468,35444.61,21102.13
469,35408.01,21078.23
470,35428.11,21089.03
471,35402.11,21077.23
472,35397.31,21069.93
473,35389.91,21069.03
474,35401.11,21072.73
475,35410.91,21079.53
476,35438.91,21098.73
477,35428.71,21090.63
478,35424.01,21086.33
479,35414.51,21081.73
480,35385.11,21064.63
481,35398.21,21071.13
482,35420.11,21081.03
483,35387.91,21067.33
484,35404.11,21074.63
485,35453.81,21107.03
486,35411.51,21080.03
487,35414.61,21082.93
488,35443.71,21102.13
489,35400.81,21072.93
490,35382.81,21064.43
491,35436.31,21094.23
492,35397.21,21073.93
493,35397.01,21070.43
494,35419.91,21084.43
495,35420.31,21083.43
496,35407.61,21075.93
497,35420.71,21085.53
498,35397.81,21072.53
499,35381.71,21060.43
500,35415.81,21082.03
501,35408.61,21080.63
502,35426.51,21085.03
503,35471.11,21116.03
504,35426.41,21088.53
505,35411.71,21079.43
506,35419.81,21086.73
507,35381.41,21063.23
508,35375.11,21051.63
509,35413.61,21077.93
510,35395.21,21071.33
511,35431.61,21089.73
512,35460.91,21111.53
513,35408.01,21082.03
514,35410.41,21075.83
515,35427.91,21089.93
516,35380.51,21060.63
517,35383.71,21058.83
518,35414.11,21082.13
519,35391.81,21069.53
520,35431.91,21093.03
521,35451.21,21103.93
522,35400.91,21074.83
523,35430.21,21088.33
524,35446.71,21098.83
525,35367.41,21052.73
526,35391.11,21069.23
527,35433.41,21090.13
528,35388.61,21064.83
529,35390.11,21066.53
530,35437.51,21096.73
531,35424.41,21086.93
532,35411.41,21078.33
533,35458.01,21107.33
534,35428.51,21088.73
535,35395.61,21069.53
536,35425.21,21088.83
537,35393.21,21070.53
538,35377.11,21059.13
539,35389.61,21069.63
540,35420.51,21085.63
541,35426.81,21090.93
542,35440.11,21097.83
543,35420.31,21084.63
544,35408.31,21077.73
545,35442.71,21096.93
546,35400.71,21070.83
547,35386.81,21061.63
548,35421.51,21083.73
549,35383.51,21060.83
550,35400.71,21073.73
551,35438.01,21097.53
552,35427.01,21087.83
553,35413.51,21080.43
554,35420.61,21086.43
555,35409.21,21078.43
556,35409.01,21078.83
557,35414.21,21082.83
558,35397.11,21068.73
559,35402.21,21072.93
560,35429.21,21088.23
561,35392.91,21067.63
562,35414.21,21081.93
563,35437.91,21094.53
564,35375.21,21058.83
565,35404.31,21077.53
566,35459.41,21106.33
567,35401.31,21074.73
568,35426.51,21085.93
569,35470.51,21114.23
570,35411.61,21077.83
571,35365.71,21053.63
572,35408.11,21075.83
573,35358.61,21049.93
574,35375.61,21059.93
575,35454.01,21105.73
576,35421.81,21086.93
577,35400.31,21075.43
578,35463.41,21109.73
579,35424.51,21087.63
580,35386.91,21065.23
581,35430.51,21095.33
582,34592.11,20601.83
583,35383.01,21067.03
584,35421.81,21086.33
585,35395.61,21073.13
586,35385.71,21065.83
587,35427.61,21092.53
588,35430.71,21093.93
589,35406.81,21078.13
590,35466.51,21113.83
591,35411.71,21084.83
592,35381.21,21064.13
593,35434.21,21093.13
594,35393.51,21069.03
595,35376.21,21060.83
596,35406.51,21080.83
597,35432.91,21094.43
598,35407.81,21077.73
599,35445.01,21102.73
600,35448.71,21104.33
601,35415.41,21083.73
602,35414.41,21082.53
603,35401.11,21074.33
604,35379.91,21062.93
605,35384.11,21060.13
606,35390.91,21067.93
607,35426.31,21089.23
608,35426.81,21091.13
609,35429.81,21091.63
610,35435.31,21095.83
611,35430.61,21095.13
612,35399.21,21074.03
613,35379.91,21062.63
614,35416.51,21080.53
615,35400.01,21072.73
616,35401.81,21072.03
617,35433.81,21096.63
618,35413.21,21084.53
619,35402.91,21078.53
620,35425.91,21090.23
621,35432.61,21093.53
622,35407.61,21079.43
623,35422.51,21090.03
624,35419.81,21087.63
625,35393.91,21074.23
626,35405.91,21077.83
627,35390.51,21067.43
628,35403.51,21075.03
629,35414.41,21086.43
630,35412.61,21083.23
631,35418.41,21087.43
632,35439.01,21097.63
633,35427.31,21091.63
634,35399.41,21075.53
635,35435.31,21096.73
636,35396.01,21073.43
637,35379.91,21062.33
638,35440.51,21098.43
639,35416.31,21084.13
640,35397.51,21075.63
641,35436.31,21097.53
642,35419.91,21088.73
643,35385.61,21067.13
644,35423.81,21088.13
645,35426.91,21087.33
646,35386.01,21067.73
647,35439.91,21095.63
648,35422.01,21090.63
649,35382.21,21062.03
650,35425.71,21089.73
651,35422.71,21088.73
652,35384.51,21062.63
653,35411.81,21083.13
654,35440.91,21097.73
655,35404.61,21077.43
656,35411.11,21079.63
657,35423.51,21090.13
658,35401.71,21075.33
659,35407.71,21077.53
660,35431.21,21094.13
661,35409.31,21078.33
662,35415.01,21084.23
663,35420.01,21089.43
664,35408.71,21078.83
665,35415.81,21083.23
666,35410.11,21079.33
667,35414.01,21083.33
668,35407.51,21078.53
669,35419.91,21085.43
670,35428.51,21093.73
671,35424.71,21088.43
672,35403.91,21080.03
673,35392.81,21071.53
674,35423.71,21088.53
675,35396.11,21072.93
676,35401.61,21074.73
677,35449.71,21103.63
678,35420.41,21089.53
679,35378.71,21062.73
680,35397.31,21073.23
681,35400.21,21078.43
682,35365.71,21053.43
683,35460.71,21109.83
684,35432.21,21096.73
685,35411.01,21083.53
686,35456.71,21107.83
687,35440.81,21097.33
688,35380.71,21062.33
689,35412.61,21084.03
690,35402.41,21078.73
691,35380.21,21060.33
692,35448.41,21102.33
693,35418.51,21087.93
694,35373.81,21057.23
695,35458.11,21108.53
696,35448.31,21104.53
697,35342.41,21040.63
698,35425.51,21085.03
699,35454.91,21107.43
700,35354.21,21046.93
701,35394.91,21068.93
702,35457.21,21108.53
703,35396.21,21073.53
704,35387.81,21064.43
705,35445.31,21101.53
706,35399.01,21074.13
707,35396.31,21073.63
708,35444.61,21100.93
709,35418.91,21083.23
710,35417.51,21086.53
711,35434.21,21094.43
712,35407.3,21076.03
713,35400.01,21073.43
714,35412.51,21082.93
715,35405.31,21077.53
716,35409.41,21081.43
717,35412.21,21085.33
718,35422.61,21087.63
719,35427.21,21089.53
720,35431.21,21092.03
721,35386.41,21067.23
722,35389.81,21068.03
723,35407.21,21079.43
724,35393.51,21068.73
725,35431.41,21095.03
726,35445.11,21102.63
727,35414.71,21083.53
728,35425.91,21086.53
729,35414.11,21082.73
730,35359.21,21049.53
731,35425.11,21087.93
732,35434.31,21096.53
733,35394.51,21068.63
734,35436.51,21094.93
735,35454.41,21108.93
736,35374,21059.73
737,35408.41,21076.73
738,35436.21,21093.33
739,35367.41,21055.03
740,35392.91,21064.83
741,35456.81,21109.13
742,35380.01,21065.43
743,35389.01,21069.63
744,35477.01,21120.23
745,35430.31,21091.23
746,35375.51,21057.43
747,35424.31,21088.53
748,35409.61,21081.33
749,35376.61,21060.73
750,35403.71,21075.13
751,35437.11,21095.63
752,35411.81,21080.13
753,35409.61,21081.53
754,35445.71,21102.23
755,35430.61,21094.23
756,35405.01,21079.03
757,35405.91,21077.73
758,35419.11,21087.63
759,35410.31,21081.83
760,35375.11,21059.63
761,35424.21,21090.33
762,35399.81,21072.93
763,35398.51,21070.63
764,35432.51,21093.33
765,35443.01,21101.43
766,35407.91,21080.33
767,35418.41,21081.63
768,35426.51,21091.73
769,35382.41,21062.93
770,35397.91,21072.03
771,35451.11,21104.13
772,35395.11,21069.93
773,35414.41,21077.03
774,35456.8,21108.43
775,35401.21,21072.93
776,35395.21,21071.13
777,35438.41,21100.73
778,35371.51,21060.33
779,35392.01,21071.73
780,35441.11,21100.93
781,35406.11,21081.23
782,35401.31,21075.33
783,35440.01,21101.13
784,35419.61,21086.63
785,35427.41,21089.13
786,35437.91,21098.13
787,35404.71,21079.13
788,35365.81,21057.43
789,35393.11,21072.03
790,35388.71,21067.13
791,35401.91,21078.43
792,35409.61,21082.53
793,35410.11,21084.43
794,35417.91,21080.83
795,35417.61,21086.43
796,35436.61,21096.83
797,35457.31,21110.63
798,35455.91,21109.13
799,35415.71,21083.03
800,35407.01,21079.53
801,35384.91,21065.23
802,35361.41,21052.03
803,35419.51,21086.83
804,35449.71,21104.63
805,35406.71,21081.53
806,35445.61,21101.13
807,35433.81,21096.73
808,35378.61,21063.43
809,35391.21,21068.43
810,35449.41,21105.73
811,35395.31,21070.23
812,35395.41,21068.23
813,35462.61,21111.23
814,35396.21,21070.33
815,35394.51,21071.43
816,35439.31,21098.23
817,35398.81,21076.43
818,35384.61,21065.83
819,35440.81,21101.33
820,35401.51,21075.73
821,35396.61,21070.63
822,35449.81,21101.73
823,35431.71,21093.43
824,35399.61,21074.73
825,35432.41,21095.23
826,35379.61,21062.23
827,35370.01,21057.13
828,35416.71,21086.73
829,35406.91,21077.63
830,35406.51,21079.53
831,35468.71,21114.53
832,35434.31,21095.53
833,35402.11,21075.13
834,35430.11,21092.63
835,35423.61,21090.73
836,35380.61,21064.33
837,35386.81,21068.33
838,35403.91,21077.23
839,35401.61,21077.43
840,35431.61,21094.63
841,35444.11,21102.33
842,35447.31,21104.63
843,35427.21,21092.83
844,35372.31,21056.83
845,35368.81,21062.33
846,35397.81,21075.93
847,35393.71,21071.23
848,35418.91,21088.73
849,35447.81,21106.33
850,35397.41,21073.23
851,35411.31,21081.63
852,35472.41,21119.93
853,35384.81,21067.43
854,35416.11,21084.93
855,35464.01,21115.53
856,35403.01,21075.33
857,35356.21,21048.33
858,35432.11,21095.13
859,35409.41,21081.83
860,35359.21,21054.53
861,35460.41,21110.53
862,35443.11,21100.83
863,35370.71,21055.23
864,35431.11,21091.03
865,35450.81,21103.03
866,35395.01,21067.93
867,35421.61,21087.53
868,35435.01,21096.73
869,35384.91,21064.63
870,35413.61,21080.33
871,35417.81,21086.53
872,35386.81,21066.13
873,35410.21,21079.53
874,35404.91,21076.53
875,35391.81,21068.13
876,35428.61,21092.13
877,35423.71,21089.03
878,35416.81,21085.83
879,35446.21,21102.43
880,35428.41,21090.73
881,35412.41,21081.43
882,35417.61,21081.83
883,35393.61,21070.73
884,35392.01,21069.93
885,35425.51,21088.53
886,35396.51,21073.83
887,35380.41,21059.83
888,35440.71,21098.13
889,35426.81,21090.03
890,35379.71,21062.33
891,35443.41,21099.43
892,35439.51,21099.93
893,35384.11,21064.73
894,35431.91,21093.63
895,35454.11,21107.33
896,35372.51,21058.33
897,35405.21,21077.93
898,35399.51,21074.73
899,35390.41,21069.63
900,35391.11,21069.93
901,35446.41,21105.83
902,35402.01,21075.63
903,35438.11,21098.13
904,35455.21,21108.83
905,35412.21,21079.53
906,35423.51,21091.83
907,35370.61,21058.63
908,35385.61,21063.23
909,35417.11,21085.83
910,35403.61,21076.53
911,35395.31,21075.53
912,35440.31,21097.93
913,35426.61,21092.03
914,35401.71,21074.03
915,35476.41,21121.43
916,35408.71,21079.23
917,35389.41,21068.43
918,35422.01,21085.83
919,35384.21,21066.03
920,35378.11,21062.43
921,35446.71,21099.73
922,35412.81,21086.53
923,35392.51,21069.63
924,35451.51,21104.43
925,35426.21,21089.13
926,35379.61,21063.23
927,35434.61,21095.63
928,35412.91,21084.53
929,35347.41,21040.93
930,35414.51,21083.83
931,35433.31,21095.73
932,35425.81,21091.03
933,35431.51,21096.13
934,35476.51,21117.03
935,35400.51,21075.53
936,35359.61,21051.33
937,35401.41,21075.93
938,35377.01,21061.53
939,35406.81,21078.83
940,35435.01,21095.73
941,35437.41,21096.63
942,35415.11,21082.23
943,35429.31,21090.73
944,35430.41,21092.03
945,35404.21,21075.93
946,35415.11,21083.43
947,35413.41,21085.33
948,35425.11,21089.13
949,35407.11,21081.33
950,35370.31,21058.73
951,35423.51,21089.93
952,35382.21,21063.83
953,35391.11,21072.73
954,35458.01,21108.03
955,35434.61,21093.83
956,35397.31,21072.23
957,35430.61,21093.43
958,35420.11,21090.03
959,35383.21,21064.73
960,35438.21,21099.83
961,35435.71,21098.53
962,35372.01,21058.33
963,35426.81,21090.63
964,35416.41,21085.23
965,35401.31,21076.13
966,35442.11,21100.23
967,35446.31,21105.83
968,35380.51,21064.13
969,35425.31,21093.13
970,35404.61,21077.63
971,35355.61,21048.13
972,35423.91,21090.83
973,35416.31,21086.93
974,35395.51,21071.83
975,35440.71,21099.13
976,35462.91,21110.53
977,35389.61,21069.63
978,35421.21,21089.23
979,35410.21,21082.73
980,35378.61,21063.63
981,35394.81,21072.13
982,35433.81,21097.83
983,35425.81,21092.13
984,35428.01,21091.13
985,35427.21,21092.63
986,35413.21,21084.33
987,35410.91,21080.73
988,35374.31,21061.53
989,35405.01,21080.23
990,35414.81,21086.73
991,35387.21,21068.13
992,35428.61,21093.63
993,35459.61,21112.73
994,35408.71,21082.53
995,35427.51,21089.83
996,35439.81,21101.03
997,35404.31,21079.13
998,35342.01,21039.73
999,35385.71,21067.33
1000,35395.11,21072.43
1001,35377.21,21062.63
1002,35466.01,21115.33
1003,35462.41,21114.13
1004,35440.31,21099.63
1005,35465.71,21114.83
1006,35395.11,21072.13
1007,35360.51,21053.43
1008,35374.41,21060.83
1009,35391.21,21074.23
1010,35388.91,21070.83
1011,35450.71,21107.03
1012,35461.01,21114.33
1013,35453.91,21107.93
1014,35452.41,21109.33
1015,35399.51,21078.73
1016,35360.31,21055.03
1017,35375,21060.73
1018,35398.71,21078.73
1019,35384.11,21072.23
1020,35431.41,21093.93
1021,35446.11,21106.33
1022,35443.31,21101.63
1023,35449.71,21109.13
1024,35425.31,21089.93
1025,35402.71,21080.03
1026,35399.51,21080.83
1027,35396.01,21074.23
1028,35384.21,21068.53
1029,35391.71,21073.23
1030,35395.11,21074.03
1031,35422.41,21091.33
1032,35456.01,21112.13
1033,35428.01,21096.13
1034,35429.21,21094.93
1035,35460.41,21114.63
1036,35377.11,21062.43
1037,35356.11,21054.03
1038,35417.61,21085.53
1039,35376.31,21063.33
1040,35388.81,21067.43
1041,35453.61,21108.83
1042,35465.11,21116.43
1043,35429.11,21094.43
1044,35468.31,21116.13
1045,35410.51,21082.93
1046,35337.11,21037.63
1047,35377.31,21065.23
1048,35398.31,21078.73
1049,35379.21,21064.93
1050,35456.11,21109.83
1051,35446.41,21108.13
1052,35446.11,21106.43
1053,35424.51,21092.13
1054,35409.01,21084.33
1055,35383.51,21065.63
1056,35388.91,21069.03
1057,35400.11,21075.63
1058,35379.51,21065.03
1059,35425.31,21091.43
1060,35447.91,21107.33
1061,35426.91,21093.93
1062,35453.31,21109.53
1063,35423.91,21093.83
1064,35391.61,21074.03
1065,35411.71,21082.53
1066,35391.61,21071.03
1067,35376.61,21061.73
1068,35432.41,21094.73
1069,35443.51,21106.93
1070,35408.11,21083.13
1071,35421.51,21091.33
1072,35419.81,21087.93
1073,35368.21,21054.13
1074,35396.71,21076.93
1075,35435.51,21099.23
1076,35419.01,21090.63
1077,35414.71,21087.93
1078,35433.81,21101.03
1079,35423.91,21092.33
1080,35391.81,21071.53
1081,35413.81,21086.83
1082,35413.51,21085.83
1083,35361.81,21057.33
1084,35402.31,21081.73
1085,35427.11,21092.93
1086,35434.11,21101.33
1087,35441.91,21104.33
1088,35444.21,21104.13
1089,35441.91,21098.93
1090,35397.21,21078.23
1091,35373.71,21061.73
1092,35402.61,21081.13
1093,35422.01,21091.63
1094,35401.31,21075.53
1095,35425.31,21092.03
1096,35437.51,21104.03
1097,35418.11,21088.53
1098,35404.11,21083.43
1099,35426.61,21096.03
1100,35379.51,21068.63
1101,35413.91,21085.43
1102,35414.31,21087.83
1103,35389.21,21072.43
1104,35429.81,21099.93
1105,35428.81,21095.63
1106,35408.71,21084.73
1107,35422.41,21092.23
1108,35399.11,21079.53
1109,35403.21,21081.83
1110,35444.01,21105.33
1111,35396.01,21076.93
1112,35405.91,21086.53
1113,35471.81,21122.53
1114,35415.71,21089.13
1115,35374.21,21062.43
1116,35433.01,21099.03
1117,35407.31,21085.33
1118,35363.31,21055.83
1119,35438.41,21102.73
1120,35424.51,21092.63
1121,35391.21,21073.93
1122,35454.31,21109.23
1123,35428.31,21094.03
1124,35378.41,21065.63
1125,35410.61,21080.73
1126,35434.61,21101.23
1127,35391.31,21072.03
1128,35396.71,21078.53
1129,35414.71,21086.93
1130,35412.31,21088.03
1131,35411.11,21086.73
1132,35438.81,21103.23
1133,35425.61,21094.33
1134,35419.91,21090.53
1135,35419.81,21089.03
1136,35391.41,21074.03
1137,35387.11,21071.83
1138,35411.11,21085.73
1139,35396.01,21077.23
1140,35447.11,21107.23
1141,35426.41,21092.83
1142,35431.31,21099.03
1143,35411.01,21083.63
1144,35425.91,21094.63
1145,35352.51,21050.83
1146,35383.71,21069.93
1147,35402.11,21081.23
1148,35417.01,21088.83
1149,35430.41,21095.93
1150,35463.11,21116.73
1151,35431.61,21098.63
1152,35445.81,21108.33
1153,35364.61,21060.03
1154,35376.31,21062.33
1155,35399.21,21078.63
1156,35407.81,21081.73
1157,35380.11,21067.83
1158,35451.91,21104.53
1159,35406.41,21085.43
1160,35389.51,21074.63
1161,35490.41,21133.33
1162,35442.81,21103.43
1163,35381.61,21067.23
1164,35433.21,21097.43
1165,35411.61,21087.13
1166,35374.31,21064.13
1167,35394.41,21076.23
1168,35439.41,21104.93
1169,35421.51,21092.73
1170,35435.51,21100.73
1171,35443.41,21105.63
1172,35390.91,21072.33
1173,35371.31,21060.13
1174,35399.51,21080.13
1175,35413.11,21087.93
1176,35404.11,21085.33
1177,35417.41,21089.63
1178,35443.51,21104.93
1179,35426.11,21095.23
1180,35403.31,21082.93
1181,35407.21,21085.03
1182,35425.31,21096.43
1183,35393.31,21077.43
1184,35399.01,21078.83
1185,35443.61,21107.13
1186,35404.31,21085.93
1187,35411.41,21086.13
1188,35448.01,21109.63
1189,35431.41,21100.73
1190,35368.91,21061.23
1191,35444.11,21104.23
1192,35424.71,21096.13
1193,35380.11,21070.43
1194,35390.41,21075.13
1195,35395.61,21077.23
1196,35417.81,21091.63
1197,35431.51,21099.83
1198,35444.71,21109.73
1199,35395.01,21074.43
1200,35430.51,21097.43
1201,35408.71,21085.23
1202,35402.91,21084.93
1203,35417.11,21087.53
1204,35435.01,21102.83
1205,35408.31,21087.33
1206,35418.01,21089.33
1207,35416.11,21089.33
1208,35397.71,21078.23
1209,35429.41,21098.33
1210,35404.71,21083.23
1211,35405.11,21082.93
1212,35437.71,21103.73
1213,35438.51,21103.33
1214,35382.31,21068.73
1215,35404.01,21082.03
1216,35421.01,21091.73
1217,35378.21,21068.23
1218,35396.71,21079.23
1219,35462.81,21116.13
1220,35410.81,21086.33
1221,35409.81,21089.23
1222,35447.11,21107.53
1223,35377.21,21069.83
1224,35387.41,21074.93
1225,35395.31,21077.83
1226,35405.81,21084.43
1227,35441.3,21104.03
1228,35443.11,21106.73
1229,35422.01,21092.83
1230,35437.21,21103.03
1231,35451.61,21111.53
1232,35352.31,21052.63
1233,35369.71,21064.03
1234,35417.21,21090.43
1235,35378.91,21070.03
1236,35442.51,21103.63
1237,35477.51,21125.33
1238,35429.61,21101.63
1239,35421.21,21091.03
1240,35414.11,21089.43
1241,35364.11,21056.83
1242,35372.81,21063.83
1243,35412.21,21087.63
1244,35423.21,21093.63
1245,35460.71,21115.13
1246,35453.11,21114.93
1247,35431.01,21099.13
1248,35395.61,21078.53
1249,35415.21,21090.23
1250,35383.71,21069.73
1251,35407.81,21083.73
1252,35399.71,21079.93
1253,35399.81,21077.43
1254,35427.11,21094.03
1255,35412.21,21088.03
1256,35386.21,21071.93
1257,35432.21,21100.63
1258,35420.71,21093.93
1259,35386.91,21067.83
1260,35409.51,21082.93
1261,35438.21,21103.43
1262,35367.61,21062.33
1263,35403.71,21079.43
1264,35456.81,21115.33
1265,35383.31,21073.03
1266,35413.31,21088.23
1267,35469.51,21123.13
1268,35395.61,21079.03
1269,35394.81,21077.93
1270,35446.91,21108.73
1271,35385.51,21069.33
1272,35409.31,21086.43
1273,35475.21,21129.23
1274,35400.31,21080.23
1275,35405.11,21084.63
1276,35439.31,21102.63
1277,35397.11,21080.13
1278,35393.71,21073.13
1279,35407.71,21085.63
1280,35392.61,21074.73
1281,35390.41,21076.93
1282,35461.61,21117.03
1283,35426.81,21098.83
1284,35424.81,21095.23
1285,35441.41,21104.93
1286,35408.61,21087.53
1287,35398.61,21080.63
1288,35435.81,21102.03
1289,35364.61,21059.33
1290,35403.51,21082.43
1291,35450.31,21112.83
1292,35412.01,21090.03
1293,35397.01,21079.13
1294,35458.81,21114.03
1295,35415.71,21089.83
1296,35400.91,21078.43
1297,35425.81,21097.63
1298,35387.91,21074.73
1299,35372.31,21066.53
1300,35434.91,21102.03
1301,35381.71,21069.33
1302,35425.51,21090.93
1303,35458.11,21115.93
1304,35414.51,21087.33
1305,35427.61,21096.43
1306,35430.01,21101.13
1307,35358.11,21054.73
1308,35386.61,21072.93
1309,35416.91,21090.93
1310,35402.21,21081.53
1311,35433.81,21098.63
1312,35459.91,21115.43
1313,35407.01,21083.83
1314,35404.21,21083.13
1315,35433.11,21100.43
1316,35388.51,21073.13
1317,35383.91,21069.93
1318,35416.21,21093.53
1319,35373.31,21061.73
1320,35432.31,21097.33
1321,35471.41,21122.13
1322,35402.31,21084.03
1323,35440.51,21104.13
1324,35442.01,21105.33
1325,35388.91,21077.33
1326,35396.21,21079.23
1327,35431.31,21101.93
1328,35359.11,21055.43
1329,35417.51,21091.03
1330,35417.51,21090.23
1331,35372.71,21063.33
1332,35460.61,21114.43
1333,35485.91,21130.13
1334,35389.51,21072.23
1335,35390.91,21074.63
1336,35434.31,21101.73
1337,35357.51,21051.33
1338,35370.01,21061.33
1339,35439.51,21101.93
1340,35431.71,21099.73
1341,35411.81,21086.23
1342,35465.81,21118.93
1343,35395.91,21078.63
1344,35402.81,21081.63
1345,35451.81,21111.83
1346,35398.81,21079.43
1347,35418.11,21092.03
1348,35464.21,21116.63
1349,35401.31,21078.03
1350,35407.01,21084.13
1351,35430.31,21099.83
1352,35382.41,21068.03
1353,35392.61,21074.63
1354,35416.01,21089.23
1355,35413.11,21089.63
1356,35382.81,21070.93
1357,35462.51,21114.73
1358,35395.61,21078.03
1359,35399.51,21077.23
1360,35443.01,21107.53
1361,35371.8,21064.03
1362,35400.21,21077.53
1363,35435.41,21102.73
1364,35411.21,21085.33
1365,35413.11,21086.03
1366,35473.21,21123.23
1367,35396.01,21075.53
1368,35403.01,21083.33
1369,35455.61,21111.33
1370,35415.01,21089.23
1371,35394.21,21073.63
1372,35436.11,21101.83
1373,35403.51,21081.93
1374,35393.61,21077.43
1375,35441.01,21105.53
1376,35410.11,21086.43
1377,35368.11,21058.83
1378,35453.71,21112.13
1379,35417.61,21090.63
1380,35393.01,21076.53
1381,35435.61,21101.03
1382,35419.41,21091.93
1383,35354.51,21052.53
1384,35412.41,21087.53
1385,35437.11,21100.83
1386,35362.41,21058.13
1387,35458.71,21111.53
1388,35454.3,21109.83
1389,35424.11,21095.03
1390,35418.91,21089.63
1391,35414.71,21087.63
1392,35362.31,21053.53
1393,35391.61,21071.53
1394,35431.21,21100.03
1395,35401.01,21081.03
1396,35438.81,21103.83
1397,35438.71,21103.23
1398,35407.41,21083.83
1399,35417.41,21088.13
1400,35445.31,21106.63
1401,35410.01,21082.13
1402,35418.71,21090.73
1403,35411.81,21088.53
1404,35388.11,21071.13
1405,35399.61,21082.13
1406,35427.61,21099.83
1407,35417.71,21090.53
1408,35412.91,21085.13
1409,35409.71,21083.23
1410,35415.01,21090.63
1411,35408.41,21082.53
1412,35421.81,21091.93
1413,35400.61,21078.93
1414,35409.41,21085.83
1415,35422.51,21095.53
1416,35432.61,21099.33
1417,35428.21,21095.13
1418,35419.91,21090.53
1419,35432.41,21098.23
1420,35399.61,21079.73
1421,35378.41,21063.83
1422,35408.41,21084.33
1423,35401.21,21078.13
1424,35415.01,21088.33
1425,35422.71,21093.93
1426,35429.41,21098.43
1427,35407.01,21083.03
1428,35421.01,21090.03
1429,35441.81,21104.93
1430,35402.11,21078.13
1431,35394.31,21077.43
1432,35418.01,21088.53
1433,35383.01,21070.73
1434,35395.71,21076.13
1435,35427.21,21092.53
1436,35431.3,21098.33
1437,35440.21,21101.73
1438,35446.51,21109.53
1439,35405.21,21080.53
1440,35375.41,21065.73
1441,35385.71,21067.63
1442,35412.91,21088.73
1443,35414.31,21088.13
1444,35437.91,21101.13
1445,35436.11,21103.23
1446,35418.41,21090.83
1447,35425.41,21094.03
1448,35399.81,21078.03
1449,35370.91,21061.33
1450,35404.01,21080.13
1451,35462.41,21113.73
1452,35415.91,21086.33
1453,35452.71,21113.13
1454,35438.31,21103.63
1455,35366.61,21056.73
1456,35382.01,21067.53
1457,35399.01,21077.23
1458,35387.51,21073.33
1459,35385.11,21069.03
1460,35464.91,21118.73
1461,35426.71,21095.13
1462,35451.71,21108.63
1463,35438.61,21102.33
1464,35420.91,21088.73
1465,35383.41,21067.83
1466,35416.01,21086.53
1467,35386.11,21070.03
1468,35394.91,21075.33
1469,35438.31,21099.23
1470,35422.91,21092.83
1471,35410.91,21084.63
1472,35447.31,21106.03
1473,35385.21,21068.73
1474,35413.51,21089.03
1475,35409.71,21082.93
1476,35376.11,21061.33
1477,35447.21,21105.13
1478,35458.71,21110.53
1479,35400.21,21078.93
1480,35412.71,21085.43
1481,35405.61,21081.83
1482,35365.01,21060.03
1483,35417.51,21086.43
1484,35408.11,21083.03
1485,35405.11,21082.93
1486,35429.8,21093.03
1487,35440.31,21104.33
1488,35421.31,21093.33
1489,35416.11,21088.43
1490,35419.21,21089.03
1491,35375.51,21064.03
1492,35412.8,21084.63
1493,35420.11,21090.13
1494,35392.01,21071.73
1495,35422.81,21091.83
1496,35437.81,21104.13
1497,35424.51,21090.03
1498,35418.01,21089.43
1499,35419.11,21089.13
1500,35389.91,21074.23
1501,35422.81,21093.03
1502,35427.01,21093.73
1503,35395.91,21077.83
1504,35427.21,21092.23
1505,35446.91,21105.83
1506,35389.51,21069.53
1507,35402.11,21080.03
1508,35412.31,21085.43
1509,35387.81,21070.93
1510,35433.21,21099.93
1511,35443.01,21103.13
1512,35387.71,21069.73
1513,35414.31,21089.13
1514,35432.31,21098.83
1515,35371.01,21062.03
1516,35402.11,21084.23
1517,35440.21,21102.33
1518,35392.61,21070.83
1519,35456.11,21113.43
1520,35452.11,21109.23
1521,35361.51,21058.13
1522,35396.21,21075.43
1523,35421.81,21090.33
1524,35353.81,21051.63
1525,35400.41,21077.93
1526,35470.61,21120.93
1527,35409.11,21085.43
1528,35424.91,21093.23
1529,35474.51,21121.23
1530,35400.61,21075.63
1531,35376.71,21063.53
1532,35443.31,21105.33
1533,35387.11,21070.63
1534,35404.71,21080.43
1535,35464.21,21115.73
1536,35423.31,21091.03
1537,35415.41,21084.73
1538,35420.41,21089.33
1539,35386.21,21067.73
1540,35384.71,21066.33
1541,35427.51,21098.03
1542,35399.91,21079.83
1543,35401.91,21078.53
1544,35454.21,21109.03
1545,35393.51,21075.53
1546,35392.61,21073.83
1547,35442.11,21098.73
1548,35368.41,21057.13
1549,35394.01,21075.43
1550,35461.31,21112.83
1551,35429.11,21098.53
1552,35409.51,21083.63
1553,35445.81,21104.23
1554,35413.51,21087.83
1555,35371.71,21059.63
1556,35424.71,21089.73
1557,35373.61,21062.83
1558,35420.71,21094.43
1559,35458.31,21113.03
1560,35425.61,21095.43
1561,35382.91,21069.93
1562,35445.51,21108.13
1563,35397.31,21078.03
1564,35389.71,21073.93
1565,35408.11,21083.63
1566,35417.91,21088.63
1567,35402.01,21077.93
1568,35464.51,21116.93
1569,35438.21,21100.83
1570,35409.01,21084.23
1571,35438.81,21101.23
1572,35381.41,21069.13
1573,35387.71,21071.23
1574,35413.31,21085.63
1575,35404.21,21082.43
1576,35405.41,21078.93
1577,35431.01,21096.73
1578,35409.51,21082.53
1579,35418.21,21088.33
1580,35430.41,21097.73
1581,35392.51,21073.03
1582,35410.41,21084.93
1583,35427.11,21096.83
1584,35384.81,21070.23
1585,35400.71,21079.53
1586,35431.61,21098.63
1587,35399.21,21080.83
1588,35418.21,21090.73
1589,35458.91,21114.13
1590,35398.61,21080.13
1591,35388.81,21074.43
1592,35432.91,21099.53
1593,35373.11,21062.63
1594,35396.91,21077.23
1595,35436.61,21100.03
1596,35416.11,21092.63
1597,35430.21,21095.13
1598,35457.41,21112.53
1599,35399.61,21077.53
1600,35386.51,21070.13
1601,35448.61,21108.43
1602,35398.21,21076.53
1603,35397.61,21075.93
1604,35457.91,21109.93
1605,35429.51,21096.33
1606,35389.91,21074.43
1607,35437.11,21100.93
1608,35399.01,21081.83
1609,35372.41,21060.83
1610,35429.21,21097.83
1611,35414.81,21088.73
1612,35362.21,21057.83
1613,35433.11,21097.63
1614,35403.61,21080.63
1615,35389.11,21072.03
1616,35442.81,21103.63
1617,35463.61,21117.43
1618,35379.71,21066.03
1619,35420.81,21089.73
1620,35435.61,21100.73
1621,35372.01,21062.23
1622,35420.71,21093.13
1623,35415.21,21092.73
1624,35383.61,21070.03
1625,35438.21,21101.83
1626,35462.11,21115.13
1627,35398.31,21076.33
1628,35449.21,21105.33
1629,35421.21,21092.03
1630,35371.81,21061.03
1631,35405.31,21084.33
1632,35420.11,21091.83
1633,35399.21,21078.53
1634,35403.21,21081.03
1635,35442.11,21105.63
1636,35406.51,21082.13
1637,35406.81,21083.03
1638,35429.71,21098.93
1639,35389.21,21075.23
1640,35434.61,21098.53
1641,35419.31,21092.03
1642,35411.41,21084.93
1643,35423.81,21094.93
1644,35424.81,21096.13
1645,35404.21,21083.73
1646,35407.21,21081.93
1647,35401.01,21082.53
1648,35413.81,21089.73
1649,35440.61,21103.93
1650,35437.91,21100.43
1651,35382.61,21066.93
1652,35411.41,21088.03
1653,35394.31,21076.73
1654,35390.91,21072.23
1655,35437.71,21099.23
1656,35403.21,21082.33
1657,35384.71,21069.33
1658,35439.21,21103.23
1659,35424.91,21092.43
1660,35379.31,21066.93
1661,35424.21,21095.83
1662,35426.31,21096.83
1663,35368.31,21057.63
1664,35430.21,21097.93
1665,35438.51,21104.33
1666,35389.81,21074.03
1667,35415.21,21088.73
1668,35428.81,21098.23
1669,35374.51,21064.53
1670,35427.41,21094.23
1671,35438.31,21102.53
1672,35405.11,21087.93
1673,35415.41,21089.63
1674,35438.61,21100.93
1675,35405.31,21081.43
1676,35414.21,21087.63
1677,35420.91,21091.53
1678,35416.71,21085.63
1679,35426.81,21096.33
1680,35407.41,21087.33
1681,35401.11,21081.83
1682,35405.01,21080.53
1683,35423.31,21093.33
1684,35414.91,21085.63
1685,35410.31,21083.13
1686,35403.51,21082.83
1687,35422.21,21090.83
1688,35426.61,21094.13
1689,35436.11,21100.33
1690,35402.81,21081.93
1691,35416.91,21090.43
1692,35446.21,21108.53
1693,35404.21,21082.53
1694,35423.01,21090.93
1695,35410.91,21086.93
1696,35379.41,21067.83
1697,35411.91,21088.53
1698,35432.21,21099.13
1699,35406.11,21082.23
1700,35414.91,21090.33
1701,35407.21,21083.83
1702,35413.41,21087.93
1703,35416.01,21089.33
1704,35420.31,21092.63
1705,35393.71,21076.93
1706,35425.71,21095.13
1707,35432.61,21101.03
1708,35390.51,21076.13
1709,35412.71,21085.03
1710,35400.61,21079.63
1711,35377.31,21067.73
1712,35429.31,21098.73
1713,35438.81,21106.63
1714,35383.01,21068.33
1715,35420.31,21093.13
1716,35402.41,21080.23
1717,35393.81,21075.43
1718,35424.91,21093.93
1719,35442.81,21105.53
1720,35382.21,21070.33
1721,35433.21,21100.03
1722,35428.51,21097.83
1723,35397.51,21079.03
1724,35426.81,21092.23
1725,35459.81,21115.23
1726,35374.21,21063.73
1727,35432.31,21095.13
1728,35414.11,21089.83
1729,35371.01,21062.63
1730,35413.81,21086.63
1731,35436.01,21100.23
1732,35406.31,21084.53
1733,35424.01,21093.13
1734,35431.21,21095.33
1735,35407.71,21087.13
1736,35436.91,21100.53
1737,35421.91,21092.13
1738,35388.31,21074.33
1739,35396.61,21077.33
1740,35427.71,21097.43
1741,35365.81,21061.73
1742,35416.01,21088.93
1743,35431.11,21099.63
1744,35390.71,21073.63
1745,35423.11,21092.73
1746,35475.51,21125.73
1747,35381.41,21071.13
1748,35414.11,21088.23
1749,35421.91,21095.53
1750,35384.11,21071.63
1751,35414.41,21087.83
1752,35428.61,21097.43
1753,35392.01,21075.93
1754,35429.81,21098.33
1755,35444.51,21108.93
1756,35393.81,21078.23
1757,35413.21,21090.33
1758,35435.71,21102.83
1759,35350.51,21053.23
1760,35410.91,21087.13
1761,35436.41,21101.43
1762,35393.41,21077.83
1763,35409.11,21085.83
1764,35450.31,21109.43
1765,35383.8,21073.13
1766,35409.51,21086.53
1767,35454.01,21110.03
1768,35377.61,21068.53
1769,35423.61,21092.33
1770,35451.71,21109.63
1771,35383.61,21072.33
1772,35391.61,21071.43
1773,35450.91,21109.63
1774,35378.51,21071.13
1775,35383.91,21070.13
1776,35453.11,21113.13
1777,35412.51,21086.93
1778,35381.51,21070.43
1779,35452.71,21115.33
1780,35419.91,21092.23
1781,35397.21,21081.53
1782,35467.51,21122.23
1783,35411.51,21090.13
1784,35392.01,21077.53
1785,35427.51,21098.83
1786,35400.91,21080.73
1787,35382.91,21070.13
1788,35456.01,21113.43
1789,35409.21,21087.33
1790,35374.61,21066.63
1791,35439.61,21104.93
1792,35413.71,21092.33
1793,35408.21,21087.03
1794,35423.01,21096.83
1795,35415.61,21089.53
1796,35399.61,21081.83
1797,35429.71,21099.33
1798,35402.01,21083.33
1799,35412.91,21087.83
1800,35437.01,21102.33
1801,35407.21,21085.83
1802,35388.01,21071.83
1803,35422.71,21095.03
1804,35387.31,21072.53
1805,35408.61,21088.33
1806,35425.61,21094.93
1807,35431.51,21097.73
1808,35404.11,21083.63
1809,35438.71,21103.43
1810,35386.81,21072.33
1811,35421.11,21092.23
1812,35420.91,21095.33
1813,35420.51,21089.73
1814,35428.81,21097.53
1815,35418.01,21093.63
1816,35387.51,21072.73
1817,35409.01,21089.03
1818,35398.01,21078.13
1819,35393.91,21079.03
1820,35425.71,21096.43
1821,35432.31,21100.63
1822,35408.01,21085.83
1823,35442.81,21106.73
1824,35420.11,21096.93
1825,35403.41,21082.63
1826,35422.91,21093.83
1827,35442.21,21107.73
1828,35374.51,21066.63
1829,35373.61,21063.33
1830,35420.41,21094.93
1831,35360.31,21057.73
1832,35376.21,21069.03
1833,35448.51,21115.43
1834,35411.01,21088.13
1835,35427.61,21096.83
1836,35471.11,21125.33
1837,35419.21,21092.63
1838,35432.51,21097.43
1839,35441.31,21104.33
1840,35384.01,21070.83
1841,35365.81,21058.53
1842,35396.31,21081.93
1843,35376.21,21067.63
1844,35408.21,21086.33
1845,35469.01,21124.83
1846,35436.61,21103.73
1847,35427.41,21098.63
1848,35436.41,21105.13
1849,35408.21,21087.53
1850,35404.01,21083.33
1851,35415.91,21090.93
1852,35380.81,21070.63
1853,35385.11,21070.13
1854,35432.71,21102.83
1855,35389.01,21076.13
1856,35401.31,21082.13
1857,35422.81,21098.33
1858,35422.91,21097.53
1859,35419.01,21091.53
1860,35449.21,21112.43
1861,35421.21,21095.93
1862,35410.81,21086.93
1863,35437.61,21102.93
1864,35388.51,21077.43
1865,35385.91,21073.63
1866,35442.11,21104.93
1867,35433.01,21101.93
1868,35403.11,21082.73
1869,35437.91,21104.23
1870,35399.91,21084.23
1871,35377.61,21070.43
1872,35393.11,21075.63
1873,35404.01,21082.83
1874,35370.11,21063.83
1875,35427.71,21101.03
1876,35416.01,21092.93
1877,35408.31,21087.53
1878,35451.41,21113.93
1879,35448.11,21111.43
1880,35411.51,21086.03
1881,35435.01,21101.93
1882,35409.11,21085.63
1883,35391.11,21077.43
1884,35429.51,21100.23
1885,35415.11,21090.43
1886,35398.51,21083.23
1887,35411.31,21087.83
1888,35402.71,21083.63
1889,35425.91,21098.93
1890,35434.91,21099.93
1891,35416.81,21093.93
1892,35418.61,21093.83
1893,35420.41,21097.13
1894,35395.11,21076.43
1895,35373.01,21069.13
1896,35419.61,21095.33
1897,35400.81,21081.93
1898,35409.91,21087.63
1899,35427.61,21100.33
1900,35432.71,21100.83
1901,35406.01,21085.13
1902,35445.71,21109.73
1903,35416.21,21098.03
1904,35385.41,21073.03
1905,35396.31,21078.23
1906,35403.01,21085.83
1907,35378.01,21071.33
1908,35423.41,21098.53
1909,35429.91,21103.53
1910,35400.91,21086.63
1911,35452.61,21111.73
1912,35432.01,21103.03
1913,35413.11,21092.03
1914,35444.41,21109.43
1915,35381.21,21074.03
1916,35359.91,21055.43
1917,35433.21,21101.73
1918,35409.01,21090.03
1919,35377.41,21072.33
1920,35438.11,21104.63
1921,35445.11,21111.23
1922,35380.41,21071.13
1923,35454.61,21113.83
1924,35441.51,21105.63
1925,35375.71,21068.83
1926,35400.41,21080.03
1927,35433.51,21099.13
1928,35407.51,21086.43
1929,35401.01,21082.73
1930,35440.11,21107.83
1931,35413.31,21093.63
1932,35403.41,21083.23
1933,35440.21,21109.03
1934,35422.21,21093.63
1935,35381.41,21070.73
1936,35426.61,21098.43
1937,35411.11,21091.43
1938,35391.11,21079.93
1939,35417.51,21093.53
1940,35399.81,21082.83
1941,35390.11,21078.53
1942,35415.21,21090.43
1943,35433.11,21105.33
1944,35424.31,21097.63
1945,35404.81,21086.63
1946,35431.81,21101.73
1947,35432.81,21102.03
1948,35385.11,21073.43
1949,35393.71,21078.53
1950,35430.11,21099.33
1951,35402.81,21083.33
1952,35416.8,21090.83
1953,35443.51,21109.43
1954,35402.61,21088.33
1955,35387.11,21072.93
1956,35434.31,21102.13
1957,35427.51,21098.83
1958,35385.61,21075.63
1959,35423.71,21098.73
1960,35426.61,21099.83
1961,35411.71,21091.73
1962,35422.01,21096.93
1963,35395.51,21080.43
1964,35405.51,21086.83
1965,35411.51,21089.13
1966,35410.41,21089.23
1967,35414.51,21091.13
1968,35413.01,21091.63
1969,35420.51,21096.13
1970,35417.91,21092.33
1971,35419.61,21096.23
1972,35397.81,21081.23
1973,35384.71,21071.53
1974,35440.71,21103.23
1975,35419.41,21093.73
1976,35381.71,21072.23
1977,35429.61,21101.03
1978,35431.31,21105.63
1979,35389.51,21074.43
1980,35425.01,21096.93
1981,35427.31,21102.43
1982,35401.41,21086.63
1983,35419.91,21093.43
1984,35440.81,21108.53
1985,35398.71,21081.53
1986,35415.21,21092.03
1987,35419.01,21094.73
1988,35405.21,21083.63
1989,35412.81,21089.23
1990,35418.31,21092.83
1991,35388.11,21076.63
1992,35416.51,21091.43
1993,35411.81,21093.23
1994,35387.51,21073.83
1995,35419.81,21097.23
1996,35429.91,21100.83
1997,35411.81,21092.13
1998,35435.91,21101.43
1999,35459.51,21118.83
2000,35379.61,21071.93
2001,35395.61,21080.53
2002,35413.91,21093.83
2003,35393.81,21080.73
2004,35419.31,21095.33
2005,35445.11,21113.03
2006,35416.51,21094.23
2007,35424.71,21094.13
2008,35428.61,21099.33
2009,35381.71,21073.43
2010,35373.01,21068.33
2011,35393.71,21080.33
2012,35407.91,21088.43
2013,35410.41,21089.03
2014,35439.31,21105.43
2015,35412.71,21092.13
2016,35422.3,21097.13
2017,35439.71,21109.03
2018,35410.11,21087.43
2019,35411.81,21086.93
2020,35431.81,21101.43
2021,35398.81,21084.93
2022,35404.11,21085.63
2023,35440.81,21106.73
2024,35382.91,21074.83
2025,35406.01,21089.03
2026,35437.91,21108.73
2027,35394.91,21081.83
2028,35396.31,21081.23
2029,35428.11,21100.33
2030,35402.11,21086.03
2031,35407.31,21089.23
2032,35434.51,21104.63
2033,35399.31,21087.33
2034,35417.81,21095.03
2035,35442.01,21107.83
2036,35411.11,21089.23
2037,35406.21,21090.73
2038,35425.81,21101.13
2039,35413.41,21091.53
2040,35410.31,21093.13
2041,35419.41,21093.13
2042,35394.41,21082.23
2043,35384.51,21074.53
2044,35421.21,21097.13
2045,35401.91,21088.93
2046,35397.71,21081.43
2047,35454.31,21116.63
2048,35438.41,21107.43
2049,35400.21,21086.63
2050,35424.11,21097.63
2051,35390.51,21077.03
2052,35390.21,21076.23
2053,35414.81,21093.63
2054,35411.31,21093.43
2055,35370.61,21067.13
2056,35424.61,21100.93
2057,35416.81,21093.53
2058,35400.31,21083.83
2059,35447.31,21113.83
2060,35408.31,21090.03
2061,35398.91,21085.43
2062,35459.61,21118.13
2063,35412.41,21091.03
2064,35395.71,21080.83
2065,35421.11,21097.13
2066,35422.21,21098.43
2067,35383.91,21075.33
2068,35429.61,21100.03
2069,35430.51,21102.23
2070,35395.91,21081.73
2071,35436.81,21104.33
2072,35430.81,21103.83
2073,35365.91,21061.83
2074,35396.31,21085.73
2075,35438.11,21107.43
2076,35369.11,21069.73
2077,35408.51,21089.43
2078,35464.11,21123.63
2079,35408.01,21091.33
2080,35386.61,21075.63
2081,35454.01,21114.83
2082,35425.71,21099.83
2083,35401.11,21083.93
2084,35417.01,21095.43
2085,35404.01,21088.03
2086,35395.31,21081.53
2087,35416.31,21095.43
2088,35419.41,21097.23
2089,35404.61,21087.63
2090,35436.81,21105.73
2091,35448.31,21110.53
2092,35435.81,21107.63
2093,35436.11,21105.63
2094,35405.01,21090.73
2095,35380.11,21072.83
2096,35372.41,21069.53
2097,35399.41,21082.03
2098,35406.61,21091.23
2099,35421.11,21097.33
2100,35414.81,21094.43
2101,35421.51,21099.53
2102,35415.91,21094.03
2103,35400.51,21085.23
2104,35420.71,21098.33
2105,35417.51,21096.33
2106,35423.01,21098.43
2107,35447.61,21113.23
2108,35423.71,21096.63
2109,35411.11,21090.53
2110,35408.31,21089.13
2111,35405.01,21088.63
2112,35365.51,21065.03
2113,35398.21,21086.53
2114,35398.41,21084.63
2115,35406.11,21088.23
2116,35435.21,21105.43
2117,35425.11,21102.13
2118,35396.01,21079.93
2119,35440.81,21105.83
2120,35442.01,21110.43
2121,35381.61,21072.13
2122,35416.31,21092.43
2123,35421.61,21100.23
2124,35366.41,21066.63
2125,35419.81,21097.03
2126,35449.91,21115.93
2127,35395.61,21081.13
2128,35421.21,21097.63
2129,35430.71,21104.03
2130,35379.41,21076.43
2131,35415.71,21091.43
2132,35411.41,21093.73
2133,35417.81,21097.93
2134,35433.81,21105.43
2135,35439.81,21107.33
2136,35405.41,21090.63
2137,35404.41,21087.33
2138,35425.41,21102.23
2139,35395.91,21084.53
2140,35406.11,21085.43
2141,35434.91,21104.93
2142,35398.41,21084.73
2143,35402.51,21087.53
2144,35439.81,21107.63
2145,35426.81,21100.23
2146,35422.31,21099.83
2147,35424.51,21098.93
2148,35413.81,21093.63
2149,35397.81,21081.03
2150,35392.21,21078.53
2151,35392.81,21083.43
2152,35404.61,21089.43
2153,35400.41,21086.63
2154,35391.91,21080.03
2155,35408.41,21092.73
2156,35408.91,21092.13
2157,35434.21,21102.73
2158,35424.91,21098.33
2159,35420.61,21097.63
2160,35389.41,21077.03
2161,35421.61,21097.73
2162,35407.71,21093.13
2163,35394.51,21081.43
2164,35446.51,21112.63
2165,35416.11,21096.13
2166,35397.21,21083.43
2167,35417.21,21095.03
2168,35418.01,21098.93
2169,35352.21,21061.23
2170,35405.41,21086.33
2171,35449.71,21120.63
2172,35406.91,21091.33
2173,35448.01,21112.13
2174,35458.41,21118.33
2175,35390.11,21081.23
2176,35395.21,21080.53
2177,35440.51,21107.43
2178,35349.21,21055.53
2179,35388.11,21078.93
2180,35464.91,21123.13
2181,35400.31,21085.83
2182,35427.71,21101.63
2183,35463.61,21125.73
2184,35403.21,21087.13
2185,35382.3,21072.73
2186,35446.41,21111.73
2187,35371.21,21068.73
2188,35349.81,21054.13
2189,35445.21,21114.13
2190,35403.21,21088.03
2191,35422.51,21095.73
2192,35480.61,21135.63
2193,35436.21,21108.33
2194,35381.11,21075.13
2195,35440.51,21108.23
2196,35401.91,21087.23
2197,35351.61,21055.63
2198,35437.41,21107.23
2199,35415.91,21094.63
2200,35395.91,21080.73
2201,35452.21,21115.33
2202,35451.81,21114.83
2203,35408.51,21088.33
2204,35404.91,21088.93
2205,35401.91,21089.63
2206,35380.11,21071.83
2207,35408.81,21093.13
2208,35417.91,21097.03
2209,35419.21,21095.93
2210,35447.21,21114.13
2211,35436.51,21107.73
2212,35391.01,21081.43
2213,35410.81,21091.93
2214,35410.01,21092.83
2215,35394.71,21080.03
2216,35426.41,21101.03
2217,35427.21,21101.43
2218,35403.61,21086.83
2219,35418.51,21095.13
2220,35420.81,21099.43
2221,35430.51,21101.93
2222,35411.51,21092.83
2223,35408.01,21088.73
2224,35418.61,21096.73
2225,35418.11,21095.13
2226,35392.31,21081.33
2227,35380.71,21076.93
2228,35411.31,21092.63
2229,35407.51,21090.73
2230,35420.71,21095.83
2231,35422.11,21099.13
2232,35404.21,21086.63
2233,35428.11,21099.73
2234,35446.11,21117.23
2235,35386.41,21078.93
2236,35392.41,21077.23
2237,35435.41,21106.43
2238,35396.31,21084.93
2239,35425.81,21098.93
2240,35439.11,21109.13
2241,35419.51,21096.73
2242,35404.91,21085.53
2243,35434.91,21105.73
2244,35374.01,21072.23
2245,35350.11,21055.53
2246,35423.51,21097.03
2247,35404.01,21089.03
2248,35386.41,21079.23
2249,35444.51,21110.23
2250,35449.21,21115.53
2251,35409.51,21088.73
2252,35440.91,21111.73
2253,35436.61,21109.23
2254,35387.91,21077.63
2255,35408.81,21089.13
2256,35403.51,21087.43
2257,35384.81,21074.73
2258,35393.11,21083.13
2259,35434.21,21109.93
2260,35402.01,21086.63
2261,35416.91,21095.33
2262,35453.31,21115.53
2263,35423.51,21097.53
2264,35408.81,21087.63
2265,35451.01,21114.13
2266,35440.41,21109.93
2267,35395.81,21082.23
2268,35415.61,21093.73
2269,35418.11,21099.73
2270,35390.11,21080.03
2271,35417.51,21097.53
2272,35410.41,21093.63
2273,35417.91,21095.33
2274,35409.81,21091.03
2275,35418.81,21095.43
2276,35413.91,21094.43
2277,35392.71,21080.33
2278,35419.21,21096.03
2279,35429.01,21103.03
2280,35402.61,21086.93
2281,35452.01,21114.13
2282,35415.01,21093.33
2283,35385.21,21077.23
2284,35390.81,21080.63
2285,35413.51,21094.43
2286,35370.71,21071.33
2287,35397.31,21081.73
2288,35456.51,21120.83
2289,35411.41,21093.43
2290,35402.81,21086.43
2291,35455.21,21118.13
2292,35415.81,21093.73
2293,35373.51,21070.73
2294,35424.21,21100.03
2295,35378.41,21075.63
2296,35374.61,21067.33
2297,35442.11,21111.33
2298,35409.31,21093.43
2299,35394.31,21082.73
2300,35464.51,21123.73
2301,35441.71,21112.33
2302,35406.11,21087.43
2303,35446.31,21115.43
2304,35417.81,21099.83
2305,35394.41,21081.83
2306,35424.01,21099.93
2307,35432.61,21100.83
2308,35382.81,21072.83
2309,35405.61,21088.83
2310,35421.21,21099.13
2311,35395.61,21083.03
2312,35405.41,21084.63
2313,35426.21,21100.33
2314,35411.01,21092.73
2315,35432.71,21104.73
2316,35430.51,21104.33
2317,35400.11,21083.83
2318,35391.91,21081.83
2319,35418.91,21097.73
2320,35374.71,21069.93
2321,35390.81,21078.33
2322,35430.11,21104.83
2323,35422.81,21099.53
2324,35438.81,21109.03
2325,35449.31,21116.03
2326,35419.01,21095.33
2327,35405.61,21089.23
2328,35404.11,21087.63
2329,35406.41,21087.73
2330,35411.01,21094.93
2331,35407.61,21093.63
2332,35447.41,21113.03
2333,35440.81,21110.93
2334,35404.31,21090.13
2335,35404.51,21087.23
2336,35402.01,21085.53
2337,35384.61,21075.43
2338,35388.91,21079.33
2339,35423.41,21096.93
2340,35404.51,21091.13
2341,35393.51,21081.03
2342,35450.41,21118.33
2343,35426.51,21100.43
2344,35412.71,21090.73
2345,35433.01,21104.03
2346,35392.91,21079.73
2347,35372.61,21069.73
2348,35413.21,21092.03
2349,35402.81,21089.23
2350,35407.91,21090.03
2351,35457.11,21121.83
2352,35424.81,21099.33
2353,35396.11,21081.93
2354,35436.41,21109.73
2355,35403.21,21090.33
2356,35384.71,21074.63
2357,35438.11,21106.33
2358,35413.31,21096.43
2359,35381.71,21075.83
2360,35431.01,21106.03
2361,35455.81,21118.13
2362,35400.11,21085.33
2363,35424.71,21098.13
2364,35442.61,21110.93
2365,35369.01,21065.43
2366,35392.31,21079.43
2367,35419.71,21098.83
2368,35387.11,21077.23
2369,35423.01,21100.13
2370,35462.71,21121.63
2371,35419.81,21096.23
2372,35410.81,21088.23
2373,35439.01,21108.53
2374,35386.41,21080.53
2375,35397.11,21083.03
2376,35435.51,21106.53
2377,35402.3,21088.63
2378,35407.51,21091.33
2379,35448.11,21113.93
2380,35396.91,21084.53
2381,35392.51,21082.83
2382,35412.21,21092.73
2383,35397.41,21084.63
2384,35404.81,21085.33
2385,35439.01,21107.63
2386,35421.31,21099.13
2387,35434.71,21104.43
2388,35433.11,21108.43
2389,35404.51,21086.83
2390,35399.51,21087.23
2391,35412.71,21092.53
2392,35411.21,21090.83
2393,35417.91,21095.13
2394,35414.21,21093.43
2395,35413.01,21090.73
2396,35411.31,21090.83
2397,35384.81,21079.93
2398,35396.51,21082.93
2399,35442.51,21108.63
2400,35450.91,21112.93
2401,35402.61,21084.93
2402,35439.11,21109.23
2403,35422.51,21096.73
2404,35364.51,21060.23
2405,35389.11,21077.93
2406,35412.41,21093.23
2407,35374.41,21067.83
2408,35401.81,21088.93
2409,35442.31,21112.83
2410,35401.91,21086.63
2411,35438.01,21107.53
2412,35444.21,21114.53
2413,35389.51,21078.93
2414,35400.11,21082.63
2415,35451.71,21115.23
2416,35394.81,21082.83
2417,35406.71,21091.83
2418,35464.41,21122.93
2419,35408.41,21091.83
2420,35408.71,21088.43
2421,35416.01,21097.83
2422,35403.91,21089.53
2423,35395.31,21082.53
2424,35429.91,21105.23
2425,35388.71,21078.13
2426,35408.81,21088.93
2427,35450.21,21114.23
2428,35423.11,21101.03
2429,35403.41,21087.13
2430,35434.51,21105.43
2431,35401.81,21087.23
2432,35374.91,21071.33
2433,35414.41,21095.33
2434,35399.01,21086.03
2435,35401.71,21086.23
2436,35432.11,21108.23
2437,35418.91,21096.53
2438,35412.11,21091.73
2439,35460.61,21119.83
2440,35420.41,21099.43
2441,35402.71,21085.23
2442,35423.81,21100.13
2443,35375.21,21072.13
2444,35377.21,21071.23
2445,35421.51,21097.53
2446,35440.91,21109.03
2447,35404.71,21088.93
2448,35455.01,21116.53
2449,35434.61,21107.43
2450,35376.01,21069.63
2451,35399.21,21080.53
2452,35397.81,21087.13
2453,35394.01,21080.13
2454,35439.31,21110.83
2455,35448.41,21112.33
2456,35428.21,21102.43
2457,35436.41,21104.83
2458,35429.71,21103.53
2459,35391.11,21083.43
2460,35396.31,21081.03
2461,35385.01,21075.23
2462,35391.71,21080.13
2463,35421.61,21095.33
2464,35403.21,21085.93
2465,35413.61,21090.43
2466,35435.91,21104.53
2467,35437.91,21107.23
2468,35428.41,21099.83
2469,35413.11,21090.13
2470,35395.71,21082.63
2471,35382.21,21071.83
2472,35436.31,21109.03
2473,35438.41,21106.33
2474,35413.11,21092.53
2475,35438.61,21105.43
2476,35390.8,21079.13
2477,35376.31,21069.33
2478,35407.51,21087.53
2479,35370.21,21070.23
2480,35404.31,21086.13
2481,35471.71,21124.83
2482,35444.41,21111.43
2483,35410.41,21093.23
2484,35425.61,21099.03
2485,35402.11,21087.03
2486,35363.11,21064.33
2487,35405.01,21086.83
2488,35420.41,21096.63
2489,35398.81,21085.03
2490,35460.81,21121.63
2491,35441.61,21110.63
2492,35385.31,21077.43
2493,35422.71,21098.93
2494,35431.51,21107.03
2495,35361.21,21064.43
2496,35396.81,21077.93
2497,35426.21,21102.73
2498,35407.41,21089.23
2499,35437.91,21108.33
2500,35467.41,21125.23
2501,35413.51,21092.43
2502,35403.11,21087.33
2503,35432.51,21103.73
2504,35400.81,21085.53
2505,35393.71,21080.33
2506,35425.11,21097.63
2507,35396.51,21083.63
2508,35423.81,21095.23
2509,35443.51,21111.43
2510,35405.91,21088.13
2511,35404.91,21086.23
2512,35408.21,21089.23
2513,35406.81,21088.83
2514,35405.71,21086.53
2515,35410.51,21091.53
2516,35424.01,21097.63
2517,35418.31,21093.33
2518,35409.41,21088.73
2519,35426.21,21096.93
2520,35390.31,21079.13
2521,35403.01,21085.13
2522,35400.21,21081.83
2523,35376.81,21070.93
2524,35409.01,21089.33
2525,35431.81,21102.53
2526,35421.61,21095.23
2527,35418.81,21095.23
2528,35393.61,21082.73
2529,35342.81,21048.53
2530,35448.31,21118.43
2531,35435.51,21105.63
2532,35435.51,21105.83
2533,35479.51,21132.73
2534,35456.61,21117.53
2535,35390.41,21076.93
2536,35383.91,21076.23
2537,35394.41,21081.93
2538,35360.21,21058.33
2539,35397.81,21081.13
2540,35455.31,21120.23
2541,35452.21,21117.33
2542,35423.81,21099.63
2543,35441.11,21108.93
2544,35388.01,21078.23
2545,35346.11,21053.03
2546,35423.51,21098.43
2547,35410.71,21091.83
2548,35401.21,21086.73
2549,35472.71,21128.33
2550,35454.51,21115.23
2551,35376.51,21067.93
2552,35402.51,21084.83
2553,35403.91,21083.93
2554,35320.01,21037.63
2555,35401.81,21086.93
2556,35477.71,21134.93
2557,35440.71,21110.13
2558,35449.01,21111.83
2559,35478.51,21130.13
2560,35358.31,21059.43
2561,35314.71,21032.43
2562,35435.21,21104.63
2563,35374.21,21071.93
2564,35393.01,21077.13
2565,35494.11,21138.13
2566,35439.91,21106.63
2567,35380.51,21073.63
2568,35462.11,21118.33
2569,35405.11,21090.23
2570,35312.91,21029.93
2571,35433.51,21101.23
2572,35458.91,21120.63
2573,35380.61,21072.23
2574,35460.8,21118.03
2575,35481.71,21134.43
2576,35362.01,21058.83
2577,35357.21,21055.53
2578,35408.31,21087.13
2579,35343.11,21051.23
2580,35386.81,21076.63
2581,35478.61,21130.13
2582,35452.41,21114.83
2583,35474.81,21129.03
2584,35499.31,21144.83
2585,35392.61,21079.63
2586,35338.11,21043.03
2587,35409.91,21091.33
2588,35365.21,21061.23
2589,35391.21,21077.23
2590,35485.71,21134.43
2591,35467.01,21122.53
2592,35423.91,21098.23
2593,35444.31,21108.43
2594,35391.41,21080.63
2595,35327.21,21040.03
2596,35412.41,21090.73
2597,35392.01,21081.83
2598,35404.71,21086.23
2599,35455.41,21115.53
2600,35467.41,21120.83
2601,35416.01,21092.03
2602,35389.01,21077.03
2603,35414.71,21091.53
2604,35376.41,21069.43
2605,35386.51,21073.93
2606,35454.41,21116.63
2607,35448.61,21110.03
2608,35425.31,21097.33
2609,35439.41,21107.33
2610,35418.71,21094.93
2611,35366.31,21061.73
2612,35413.51,21088.33
2613,35390.61,21079.63
2614,35392.51,21077.33
2615,35420.91,21094.13
2616,35425.41,21098.23
2617,35404.81,21087.53
2618,35409.91,21087.23
2619,35424.91,21099.83
2620,35388.61,21076.53
2621,35407.11,21083.23
2622,35450.31,21114.63
2623,35439.11,21107.83
2624,35406.51,21086.63
2625,35426.71,21098.63
2626,35415.31,21094.53
2627,35367.51,21062.53
2628,35405.61,21087.13
2629,35417.11,21095.33
2630,35377.01,21072.13
2631,35447.31,21110.13
2632,35462.21,21121.23
2633,35399.01,21083.43
2634,35385.01,21076.33
2635,35425.91,21102.33
2636,35372.21,21067.23
2637,35381.21,21074.63
2638,35437.51,21106.03
2639,35410.61,21089.03
2640,35423.51,21097.63
2641,35465.21,21123.23
2642,35377.21,21070.93
2643,35394.01,21083.33
2644,35433.91,21104.83
2645,35379.71,21072.03
2646,35436.91,21104.83
2647,35438.81,21108.33
2648,35369.11,21067.33
2649,35436.41,21105.53
2650,35429.21,21102.43
2651,35382.81,21076.63
2652,35441.61,21111.13
2653,35454.11,21115.43
2654,35383.11,21075.13
2655,35440.91,21108.73
2656,35437.61,21105.73
2657,35339.91,21049.43
2658,35395.51,21083.03
2659,35429.01,21101.93
2660,35404.01,21087.23
2661,35414.41,21094.73
2662,35473.01,21128.83
2663,35379.11,21074.03
2664,35376.81,21072.13
2665,35446.41,21111.83
2666,35353.21,21055.23
2667,35396.81,21082.43
2668,35468.61,21128.73
2669,35437.11,21102.93
2670,35417.61,21096.63
2671,35457.71,21119.83
2672,35364.71,21064.93
2673,35338.91,21048.13
2674,35446.51,21115.23
2675,35377.31,21073.23
2676,35423.01,21098.73
2677,35492.11,21139.83
2678,35448.91,21110.83
2679,35418.01,21094.43
2680,35451.01,21115.13
2681,35377.91,21076.63
2682,35320.01,21038.23
2683,35420.91,21096.13
2684,35391.21,21080.93
2685,35409.61,21088.13
2686,35475.21,21128.83
2687,35472.21,21129.73
2688,35406.61,21087.03
2689,35428.81,21101.93
2690,35411.21,21092.93
2691,35359.01,21061.93
2692,35413.11,21093.73
2693,35393.41,21083.23
2694,35389.31,21078.23
2695,35444.51,21111.03
2696,35436.41,21107.83
2697,35412.61,21092.23
2698,35432.51,21106.73
2699,35414.51,21095.13
2700,35364.41,21063.73
2701,35408.61,21087.53
2702,35408.91,21090.13
2703,35378.91,21072.13
2704,35438.81,21108.53
2705,35419.31,21097.53
2706,35430.91,21104.13
2707,35438.21,21109.03
2708,35429.51,21101.33
2709,35410.11,21090.63
2710,35411.41,21091.13
2711,35400.31,21086.93
2712,35397.21,21083.13
2713,35423.01,21100.03
2714,35389.71,21078.73
2715,35431.91,21101.43
2716,35451.11,21113.43
2717,35419.01,21093.93
2718,35413.11,21091.33
2719,35435.11,21107.03
2720,35387.21,21075.93
2721,35368.81,21066.93
2722,35418.31,21093.03
2723,35380.01,21072.93
2724,35404.21,21083.63
2725,35436.21,21105.13
2726,35429.41,21103.03
2727,35420.91,21095.73
2728,35434.41,21104.53
2729,35412.61,21091.73
2730,35382.01,21074.03
2731,35422.81,21100.03
2732,35398.91,21083.53
2733,35394.61,21081.43
2734,35449.31,21112.93
2735,35436.21,21105.33
2736,35419.11,21094.23
2737,35453.21,21115.83
2738,35413.31,21095.03
2739,35362.41,21062.73
2740,35406.31,21093.23
2741,35390.51,21080.53
2742,35377.71,21072.93
2743,35446.01,21111.13
2744,35449.61,21117.03
2745,35418.01,21093.93
2746,35425.71,21099.23
2747,35429.81,21101.63
2748,35354.11,21060.13
2749,35404.01,21087.73
2750,35410.01,21090.03
2751,35367.41,21066.53
2752,35423.21,21097.63
2753,35445.01,21112.23
2754,35443.21,21108.43
2755,35414.51,21094.73
2756,35433.31,21106.73
2757,35396.91,21082.53
2758,35385.51,21074.73
2759,35409.51,21092.13
2760,35389.91,21077.63
2761,35375.81,21071.93
2762,35423.61,21099.43
2763,35347.51,21053.53
2764,35439.41,21107.03
2765,35500.61,21146.03
2766,35375.21,21071.73
2767,35351.61,21054.83
2768,35457.21,21119.53
2769,35239.21,20983.53
2770,35369.71,21064.43
2771,35509.11,21151.33
2772,35445.91,21113.73
2773,35524.81,21156.73
2774,35573.91,21189.03
2775,35354.41,21058.53
2776,35279.31,21011.13
2777,35416.81,21093.73
2778,35268.71,21005.13
2779,35322.81,21036.83
2780,35542.91,21170.23
2781,35533.71,21165.13
2782,35471.21,21126.43
2783,35519.01,21156.93
2784,35408.61,21091.93
2785,35241.31,20990.53
2786,35370.21,21065.93
2787,35387.41,21079.63
2788,35379.41,21073.43
2789,35487.41,21137.93
2790,35507.01,21150.03
2791,35419.91,21099.83
2792,35419.71,21095.93
2793,35445.21,21111.53
2794,35334.91,21046.63
2795,35392.71,21081.33
2796,35434.61,21104.83
2797,35407.41,21090.73
2798,35410.91,21089.03
2799,35452.01,21117.43
2800,35425.21,21103.43
2801,35378.51,21069.13
2802,35439.71,21106.83
2803,35405.21,21089.73
2804,35394.01,21082.33
2805,35439.91,21109.13
2806,35447.91,21114.23
2807,35392.71,21081.03
2808,35373.41,21071.23
2809,35440.21,21112.23
2810,35373.61,21071.63
2811,35401.31,21085.13
2812,35460.11,21122.33
2813,35435.11,21107.53
2814,35424.61,21095.33
2815,35456.21,21116.63
2816,35389.21,21078.93
2817,35309.01,21031.23
2818,35409.41,21090.23
2819,35402.71,21086.63
2820,35377.51,21070.63
2821,35490.91,21136.53
2822,35507.71,21150.83
2823,35409.61,21090.83
2824,35414.11,21090.83
2825,35437.81,21110.73
2826,35278.31,21014.53
2827,35343.31,21050.53
2828,35433.31,21106.13
2829,35374.01,21071.33
2830,35472.71,21126.43
2831,35525.31,21158.03
2832,35431.91,21103.93
2833,35359.41,21059.63
2834,35440.61,21108.33
2835,35305.21,21028.63
2836,35336.31,21042.73
2837,35486.11,21136.13
2838,35467.91,21126.73
2839,35459.21,21119.63
2840,35519.01,21155.43
2841,35420.21,21096.63
2842,35257.01,20998.43
2843,35396.71,21083.53
2844,35350.31,21056.13
2845,35341.21,21048.33
2846,35501.91,21145.33
2847,35517.41,21155.03
2848,35426.01,21100.93
2849,35450.51,21115.13
2850,35429.11,21104.83
2851,35297.21,21024.03
2852,35361.31,21059.93
2853,35433.11,21105.53
2854,35374.91,21071.33
2855,35467.51,21125.73
2856,35518.71,21158.93
2857,35423.41,21102.03
2858,35402.41,21082.63
2859,35423.61,21098.93
2860,35330.31,21046.13
2861,35337.21,21046.83
2862,35437.51,21108.73
2863,35430.41,21106.73
2864,35451.61,21117.63
2865,35483.21,21134.23
2866,35438.21,21109.13
2867,35377.31,21074.83
2868,35385.91,21077.73
2869,35394.91,21083.23
2870,35364.91,21062.73
2871,35425.01,21099.63
2872,35440.21,21110.63
2873,35446.31,21114.63
2874,35418.81,21096.63
2875,35438.41,21107.63
2876,35385.51,21078.43
2877,35375.01,21070.73
2878,35408.81,21090.03
2879,35421.71,21096.53
2880,35414.91,21092.43
2881,35445.01,21109.63
2882,35443.01,21109.93
2883,35373.91,21070.53
2884,35409.11,21091.03
2885,35429.01,21103.93
2886,35379.91,21073.53
2887,35414.61,21092.43
2888,35443.11,21109.23
2889,35408.01,21090.93
2890,35411.01,21091.83
2891,35469.01,21124.93
2892,35386.01,21076.83
2893,35386.21,21071.93
2894,35457.41,21119.53
2895,35374.31,21071.43
2896,35376.01,21068.83
2897,35462.51,21120.73
2898,35417.41,21095.03
2899,35361.61,21061.13
2900,35429.51,21104.83
2901,35424.21,21099.23
2902,35352.01,21056.63
2903,35461.91,21120.73
2904,35428.21,21105.33
2905,35387.91,21076.83
2906,35455.71,21114.23
2907,35447.31,21111.83
2908,35342.31,21050.13
2909,35422.61,21096.03
2910,35415.21,21096.83
2911,35350.91,21056.23
2912,35450.01,21113.93
2913,35492.31,21139.43
2914,35401.71,21088.73
2915,35431.31,21100.73
2916,35444.91,21116.13
2917,35361.71,21064.33
2918,35371.91,21066.33
2919,35413.71,21092.73
2920,35363.01,21063.63
2921,35432.91,21104.33
2922,35472.31,21124.03
2923,35417.01,21095.13
2924,35423.31,21097.93
2925,35439.31,21108.03
2926,35385.61,21077.33
2927,35365.61,21065.23
2928,35408.91,21090.73
2929,35366.91,21065.93
2930,35397.01,21084.33
2931,35466.21,21124.83
2932,35442.01,21110.73
2933,35418.41,21094.43
2934,35439.31,21106.23
2935,35414.21,21095.03
2936,35386.51,21075.53
2937,35415.3,21096.33
2938,35393.61,21082.03
2939,35386.61,21078.63
2940,35409.41,21094.93
2941,35416.51,21096.03
2942,35426.91,21101.33
2943,35420.91,21100.73
2944,35427.61,21102.53
2945,35419.71,21096.43
2946,35417.01,21096.03
2947,35398.01,21083.13
2948,35426.21,21099.03
2949,35406.51,21090.83
2950,35402.71,21085.83
2951,35424.71,21099.63
2952,35428.31,21103.63
2953,35426.61,21099.13
2954,35406.91,21087.73
2955,35431.41,21105.33
2956,35395.91,21086.03
2957,35406.01,21087.33
2958,35399.31,21087.43
2959,35375.81,21072.13
2960,35418.41,21097.53
2961,35414.11,21090.93
2962,35427.61,21102.33
2963,35437.71,21107.73
2964,35458.11,21120.13
2965,35411.11,21089.83
2966,35400.31,21084.63
2967,35408.21,21092.53
2968,35376.01,21070.93
2969,35400.31,21087.13
2970,35432.41,21104.53
2971,35407.51,21090.53
2972,35407.31,21088.43
2973,35450.31,21114.43
2974,35403.91,21086.73
2975,35398.81,21083.83
2976,35439.51,21109.53
2977,35399.11,21083.53
2978,35391.41,21078.93
2979,35443.71,21110.13
2980,35399.11,21085.83
2981,35389.71,21078.93
2982,35416.61,21094.83
2983,35417.11,21096.83
2984,35403.71,21087.13
2985,35442.31,21108.43
2986,35412.61,21093.23
2987,35389.41,21078.33
2988,35417.81,21095.93
2989,35405.81,21090.03
2990,35392.21,21079.63
2991,35439.71,21109.43
2992,35443.91,21110.83
2993,35402.41,21088.73
2994,35414.51,21095.13
2995,35406.11,21088.93
2996,35385.41,21072.53
2997,35395.11,21082.73
2998,35423.01,21102.93
2999,34898.91,20786.23
